,experience,test_score,interview_score,salary_in_Rs,sal_prediction
0,0,8.0,9,50000,52090.467340710304
1,0,8.0,6,45000,45648.01964160884
2,5,6.0,7,60000,57964.22908390309
3,2,10.0,10,65000,64525.10613629776
4,7,9.0,6,70000,68325.21184634534
5,3,7.0,10,62000,60783.44785255154
6,10,7.0,7,72000,74796.88325859747
7,11,7.0,8,80000,79866.63483998568
